Player,Team,Season,MinutesIncludes stoppage time.,Passes,Pass %Pass Completion,xPass %Expected pass completion percentage.,ScoreNumber of passes completed over/under expected.,"Per100Passes completed over/under expected, measured per 100 passes.","DistanceAverage distance of completed passes, measured in yards. Assumes 115x80 field dimensions.","VerticalAverage vertical distance of completed passes, measured in yards. Assumes 115x80 field dimensions.",Touch %Players' share of their team's number of touches.
Alexander Callens,NYC,2020,711,180,0.9,0.8301,12.5829,6.9905,22.1148,6.6815,0.1569
Yeimar Gómez Andrade,SEA,2020,272,86,0.8953,0.7999,8.2124,9.5493,21.8365,9.4193,0.1664
Xavier Arreaga,SEA,2020,564,163,0.9018,0.8551,7.6149,4.6717,23.7041,6.3405,0.1595
David Bingham,LAG,2020,495,131,0.7099,0.6521,7.5743,5.7819,44.1617,36.3418,0.1907
Drew Moor,COL,2020,394,129,0.9147,0.8568,7.4687,5.7897,20.1264,8.3825,0.1856
Luis Binks,MTL,2020,549,144,0.8472,0.7981,7.0765,4.9142,23.6887,10.7525,0.1651
Guram Kashia,SJE,2020,675,219,0.8447,0.815,6.5139,2.9744,26.4998,11.1167,0.2105
Daniel Vega,SJE,2020,706,224,0.8036,0.7747,6.4687,2.8878,33.0867,23.4641,0.1846
Maikel van der Werff,CIN,2020,277,121,0.8843,0.831,6.4535,5.3335,20.6325,8.4824,0.1942
Francisco Calvo,CHI,2020,478,130,0.8077,0.7604,6.1459,4.7276,24.6233,12.3828,0.1882
Matt Turner,NER,2020,496,136,0.7426,0.7004,5.7512,4.2288,41.1922,32.9695,0.1866
Luis Martins,SKC,2020,626,69,0.8116,0.7296,5.6606,8.2038,22.0544,8.06,0.088
Pedro Gallese,ORL,2020,702,157,0.7962,0.7624,5.2998,3.3757,33.6133,26.3533,0.1271
Robin Jansson,ORL,2020,686,159,0.8742,0.8417,5.1771,3.2561,24.0257,10.3384,0.1531
Shane O'Neill,SEA,2020,339,81,0.9136,0.8538,4.8386,5.9735,23.6627,5.2985,0.1044
Jonathan Mensah,CLB,2020,601,201,0.8607,0.8374,4.6759,2.3263,24.2563,10.4003,0.224
Scott Caldwell,NER,2020,275,35,0.9714,0.8425,4.5118,12.8908,20.6221,6.4531,0.0679
Amro Tarek,NYRB,2020,504,61,0.8033,0.7301,4.4625,7.3155,23.2334,12.6368,0.1492
Andre Blake,PHI,2020,709,215,0.5442,0.5246,4.2042,1.9554,51.097,45.7047,0.2125
Mark McKenzie,PHI,2020,709,116,0.8448,0.8092,4.1367,3.5661,24.0493,9.1475,0.1385
Ben Sweat,MIA,2020,431,66,0.7879,0.7264,4.058,6.1485,18.833,9.3133,0.1202
Lalas Abubakar,COL,2020,503,153,0.8366,0.8104,4.0015,2.6154,23.1523,10.6642,0.187
Brad Guzan,ATL,2020,515,179,0.8212,0.7998,3.8447,2.1479,33.1712,23.4118,0.1892
Spencer Richey,CIN,2020,198,60,0.6667,0.604,3.7592,6.2653,39.9679,34.3007,0.1319
Aboubacar Keita,CLB,2020,380,96,0.8854,0.8464,3.7454,3.9015,22.1172,9.3533,0.1546
Jakob Glesnes,PHI,2020,349,46,0.7609,0.6818,3.6374,7.9075,26.9258,13.65,0.089
Mauricio Pineda,CHI,2020,459,82,0.9146,0.8721,3.487,4.2524,21.337,4.4934,0.1118
Kai Wagner,PHI,2020,502,65,0.7538,0.701,3.4348,5.2844,24.6417,9.9307,0.1221
Maxime Chanot,NYC,2020,409,113,0.8584,0.8294,3.2802,2.9028,22.3956,5.7683,0.1421
Chase Gasper,MIN,2020,696,87,0.6552,0.6181,3.2226,3.7041,23.2072,16.757,0.1075
Ike Opara,MIN,2020,196,33,0.8788,0.7827,3.1693,9.604,24.8859,7.2624,0.1469
Kenneth Kronholm,CHI,2020,504,140,0.8357,0.8131,3.1608,2.2577,31.7331,22.1753,0.1699
William Yarbrough,COL,2020,209,65,0.8,0.7514,3.1571,4.857,38.3741,28.7801,0.2109
Marko Maric,HOU,2020,500,145,0.6621,0.6407,3.0977,2.1364,43.571,37.0292,0.1796
Antônio Carlos,ORL,2020,702,160,0.8062,0.7872,3.0461,1.9038,25.1472,12.5616,0.1531
Ronald Matarrita,NYC,2020,711,111,0.7207,0.6934,3.0306,2.7302,23.0579,12.9318,0.1025
Gustav Svensson,SEA,2020,472,103,0.9029,0.8739,2.9912,2.9041,22.0434,7.6447,0.1133
Rolf Feltscher,LAG,2020,495,58,0.7069,0.6557,2.9678,5.117,21.8033,17.0716,0.1033
Tom Pettersson,CIN,2020,332,96,0.9271,0.8965,2.9365,3.0588,23.8532,6.1729,0.1208
Víctor Cabrera,HOU,2020,122,19,0.7895,0.6361,2.9138,15.3359,28.7922,17.6797,0.067
Andrew Farrell,NER,2020,394,60,0.7333,0.6852,2.8869,4.8114,24.0341,17.6257,0.1511
Diego Chara,POR,2020,690,94,0.8723,0.8425,2.8065,2.9856,21.6493,9.8545,0.1119
Jonathan Bornstein,CHI,2020,298,30,0.7333,0.6403,2.7921,9.3071,17.654,10.8867,0.0599
Jasser Khmiri,VAN,2020,427,94,0.8404,0.811,2.7681,2.9448,24.3156,7.5949,0.1222
Osvaldo Alonso,MIN,2020,592,87,0.8966,0.8652,2.7281,3.1358,17.2088,3.8333,0.1278
Andrew Tarbell,CLB,2020,197,53,0.7358,0.6853,2.6772,5.0512,37.4917,31.1194,0.1869
Omar González,TOR,2020,570,130,0.8923,0.8719,2.6554,2.0426,21.9583,6.9814,0.137
Steven Birnbaum,DCU,2020,510,144,0.8611,0.8428,2.6297,1.8262,22.3581,9.755,0.1789
Florian Jungwirth,SJE,2020,144,45,0.9111,0.8528,2.6225,5.8277,23.3365,6.6751,0.0804
Nick DePuy,LAG,2020,299,69,0.7971,0.7592,2.6141,3.7886,23.8016,8.515,0.1791
Dejan Jakovic,LAFC,2020,536,94,0.883,0.8553,2.5993,2.7652,19.7849,4.7847,0.1216
Brandt Bronico,CHI,2020,165,18,0.7222,0.5785,2.5863,14.3683,23.44,17.4225,0.0688
Graham Smith,SKC,2020,300,83,0.8795,0.8497,2.4723,2.9787,25.3183,9.2139,0.198
Michael Mancienne,NER,2020,150,36,0.9167,0.8485,2.4534,6.8149,22.0585,9.3885,0.096
Marcelo Silva,RSL,2020,478,111,0.9099,0.8879,2.4452,2.2029,21.3016,3.2179,0.1594
José Aja,MIN,2020,500,102,0.7549,0.7319,2.3487,2.3026,27.2308,14.5452,0.1537
Tyler Miller,MIN,2020,696,210,0.6476,0.6366,2.3159,1.1028,46.0533,39.0825,0.1917
Chris Mavinga,TOR,2020,559,138,0.913,0.897,2.2092,1.6009,20.7252,2.9783,0.1668
Jorge Moreira,POR,2020,91,20,0.9,0.7897,2.2052,11.0258,25.1642,9.6772,0.1009
Amadou Dia,SKC,2020,83,15,0.8667,0.7208,2.1873,14.5822,18.7429,8.4103,0.0388
João Moutinho,ORL,2020,676,138,0.7536,0.7378,2.1824,1.5815,23.889,14.4325,0.1383
Pablo Bonilla,POR,2020,184,19,0.8947,0.7808,2.1656,11.3982,20.3954,8.2497,0.0827
Héctor Jiménez,CLB,2020,284,23,0.8696,0.7759,2.155,9.3695,21.749,3.56,0.0541
Emerson Hyndman,ATL,2020,364,32,0.9062,0.8432,2.0162,6.3008,22.1629,5.9584,0.0418
Reto Ziegler,FCD,2020,200,65,0.8154,0.7846,1.9986,3.0748,21.5797,11.9246,0.1837
Michael Boxall,MIN,2020,696,89,0.8652,0.8445,1.8373,2.0644,19.7043,5.5872,0.1226
Clint Irwin,COL,2020,294,91,0.6923,0.6723,1.8207,2.0008,35.8012,28.5238,0.153
Rodrigo Schlegel,ORL,2020,117,18,0.8889,0.7894,1.7908,9.9488,21.9684,10.3436,0.0557
Joel Waterman,MTL,2020,200,37,0.7838,0.7362,1.7613,4.7602,25.9526,9.66,0.1295
Ulises Segura,DCU,2020,322,7,1,0.7503,1.7477,24.9673,13.3226,5.1421,0.0173
Eduard Atuesta,LAFC,2020,618,72,0.8611,0.8369,1.7415,2.4188,20.2194,10.0561,0.0846
Tim Parker,NYRB,2020,204,28,0.7857,0.7237,1.7377,6.2062,22.5461,12.6089,0.0884
Larrys Mabiala,POR,2020,591,91,0.8462,0.8271,1.7312,1.9024,25.0134,9.5349,0.1253
Miles Robinson,ATL,2020,316,95,0.9158,0.8976,1.7252,1.816,22.7193,4.1497,0.1754
Vito Wormgoor,CLB,2020,116,27,0.963,0.8994,1.7154,6.3535,24.0761,8.7656,0.0849
Richard Sánchez,SKC,2020,133,32,0.875,0.8216,1.7094,5.3419,29.2187,22.062,0.1182
Boris Sekulic,CHI,2020,299,51,0.8824,0.8492,1.6913,3.3163,20.1412,6.8436,0.1262
Marco Farfan,POR,2020,91,21,0.8095,0.731,1.6483,7.849,22.8058,14.824,0.1241
Dario Zuparic,POR,2020,568,130,0.8538,0.8412,1.6435,1.2642,24.2371,8.1066,0.1489
Reggie Cannon,FCD,2020,200,20,0.8,0.7194,1.6125,8.0624,23.1595,14.8063,0.0721
Antonio Mlinar Delamea,NER,2020,296,55,0.8727,0.8439,1.5863,2.8841,25.0357,7.6757,0.1589
Ilsinho,PHI,2020,289,8,0.875,0.6824,1.541,19.2626,21.3598,17.02,0.0101
Graham Zusi,SKC,2020,709,92,0.7609,0.7442,1.5326,1.6659,22.4379,12.3575,0.1059
Darlington Nagbe,CLB,2020,513,42,0.9762,0.9398,1.5301,3.6432,20.1791,2.1412,0.0558
Andy Polo,POR,2020,245,19,0.9474,0.8682,1.5034,7.9127,18.308,5.6471,0.0264
Chris Cadden,CLB,2020,219,12,0.8333,0.7105,1.4741,12.2844,23.969,9.085,0.0208
Álvaro Medrán,CHI,2020,478,30,0.8,0.7538,1.3862,4.6205,14.9464,6.8885,0.0484
Maxime Crépeau,VAN,2020,366,129,0.7442,0.7335,1.3723,1.0638,39.5149,29.4159,0.1742
Milton Valenzuela,CLB,2020,265,37,0.7027,0.6657,1.3678,3.6968,20.3808,12.7868,0.084
Jan Gregus,MIN,2020,696,57,0.8421,0.8189,1.3219,2.319,18.3326,7.9774,0.0677
Andre Shinyashiki,COL,2020,221,8,1,0.8493,1.2053,15.0665,15.0405,-0.0575,0.0346
Sam Vines,COL,2020,503,66,0.7576,0.7399,1.1641,1.7638,21.7723,11.3676,0.0894
Nedum Onuoha,RSL,2020,193,56,0.875,0.8542,1.1633,2.0773,19.905,6.1936,0.1606
Emil Cuello,LAG,2020,152,6,1,0.8075,1.1549,19.2487,28.8705,13.0333,0.0174
Dax McCarty,NSH,2020,195,18,0.9444,0.8826,1.114,6.189,18.4903,5.6158,0.1314
Everton Luiz,RSL,2020,465,33,0.9394,0.9073,1.0601,3.2123,18.1559,3.7915,0.0555
Chris Duvall,POR,2020,409,46,0.6739,0.651,1.0529,2.289,23.1867,14.5625,0.0845
Joevin Jones,SEA,2020,257,40,0.75,0.7237,1.0528,2.6321,15.2032,9.1109,0.0607
Kyle Duncan,NYRB,2020,504,43,0.6977,0.6733,1.0468,2.4343,18.4668,11.7407,0.1205
James Sands,NYC,2020,677,158,0.8481,0.8416,1.0335,0.6541,22.5937,7.7996,0.1375
Mikey Ambrose,MIA,2020,191,20,0.75,0.699,1.0208,5.104,21.4985,15.916,0.0507
Michael Bradley,TOR,2020,405,56,0.9107,0.8928,1.0056,1.7957,17.6585,5.6843,0.0871
Lucas Zelarayán,CLB,2020,449,5,1,0.8018,0.9912,19.8233,9.8884,4.922,0.0094
Jorge Villafaña,POR,2020,599,85,0.7412,0.7298,0.965,1.1353,19.6117,10.488,0.0896
Juan Agudelo,MIA,2020,246,3,1,0.6797,0.9608,32.0259,23.1786,13.8383,0.0071
Eric Miller,NSH,2020,195,16,0.75,0.6901,0.9587,5.9921,21.1701,12.2403,0.1059
Erik Holt,RSL,2020,110,28,0.8929,0.8602,0.9134,3.2622,24.3482,6.4852,0.086
Franco Escobar,ATL,2020,339,99,0.798,0.7889,0.9016,0.9107,26.9241,11.7799,0.1497
Aaron Long,NYRB,2020,309,44,0.7955,0.7751,0.8977,2.0402,23.4522,11.006,0.1436
Tomás Martínez,HOU,2020,183,10,0.8,0.7111,0.8887,8.8871,20.0362,8.303,0.0203
Matthew Real,PHI,2020,214,21,0.7143,0.6721,0.8866,4.222,24.2785,16.8393,0.0553
Efrain Álvarez,LAG,2020,33,2,1,0.5583,0.8834,44.1718,41.8111,29.2675,0.011
Giuseppe Rossi,RSL,2020,63,7,0.8571,0.7325,0.8722,12.4599,21.0189,10.1857,0.0103
Shea Salinas,SJE,2020,239,19,0.8947,0.85,0.85,4.4737,22.174,7.4871,0.0196
Jonathan Osorio,TOR,2020,238,15,0.9333,0.8776,0.8366,5.5775,14.5142,-0.184,0.0425
Aníbal Godoy,NSH,2020,195,13,1,0.9373,0.8153,6.2712,18.8689,1.4242,0.089
Tim Melia,SKC,2020,574,155,0.7613,0.7562,0.7959,0.5135,35.3706,26.7327,0.1678
Raúl Ruidíaz,SEA,2020,611,10,1,0.9212,0.7883,7.8831,17.0629,-0.2875,0.0089
Bill Hamid,DCU,2020,510,145,0.7517,0.7464,0.7752,0.5346,34.752,27.3629,0.1684
Kyle Smith,ORL,2020,99,8,0.75,0.6538,0.7696,9.6202,20.2904,13.7856,0.0212
Tommy Thompson,SJE,2020,472,51,0.7843,0.7695,0.7549,1.4803,19.0418,7.0443,0.0611
Oniel Fisher,DCU,2020,201,37,0.7297,0.7097,0.7399,1.9998,17.3456,9.9957,0.064
Gustavo Bou,NER,2020,530,4,1,0.8174,0.7305,18.2637,22.021,7.2163,0.01
Cole Bassett,COL,2020,74,4,1,0.8181,0.7274,18.1852,11.8862,2.5875,0.0174
Jordy Delem,SEA,2020,195,27,0.8889,0.8623,0.7169,2.6551,17.4319,4.5489,0.0493
Teal Bunbury,NER,2020,271,8,1,0.9106,0.7154,8.9421,10.2543,-1.7825,0.012
Patrick Seagrist,NYRB,2020,195,11,0.7273,0.6636,0.7007,6.37,15.4875,12.3991,0.0717
Diedie Traore,LAG,2020,22,3,0.6667,0.4338,0.6985,23.2844,32.63,30.7817,0.0214
Gadi Kinda,SKC,2020,519,10,0.9,0.8302,0.6983,6.9828,17.1385,9.9475,0.0248
Ryan Hollingshead,FCD,2020,200,31,0.871,0.8485,0.6979,2.2513,19.6613,3.2348,0.0977
Darwin Quintero,HOU,2020,285,18,0.8889,0.8502,0.697,3.8723,15.784,8.2225,0.0323
Luis Robles,MIA,2020,517,134,0.6716,0.6666,0.6764,0.5048,39.641,31.8756,0.1753
Alex Muyl,NYRB,2020,76,4,0.75,0.5856,0.6575,16.4382,20.2118,19.205,0.0314
Carlos Fierro,SJE,2020,162,4,1,0.8356,0.6574,16.4361,10.7297,2.3862,0.0073
Miguel Ángel Navarro,CHI,2020,206,11,0.6364,0.5772,0.6505,5.9137,13.4921,10.1514,0.0398
Carles Gil,NER,2020,164,5,1,0.8708,0.646,12.9202,18.5577,8.786,0.0221
Collen Warner,COL,2020,89,8,1,0.9198,0.6415,8.0193,17.0258,-0.8912,0.0273
Younes Namli,COL,2020,410,15,0.8667,0.825,0.6255,4.1702,16.0706,4.5003,0.0228
Warren Creavalle,PHI,2020,224,13,0.6923,0.6447,0.6188,4.7604,23.8698,18.975,0.0354
Jeff Larentowicz,ATL,2020,205,7,1,0.9122,0.6144,8.777,14.6563,2.3329,0.0152
Maynor Figueroa,HOU,2020,413,69,0.7391,0.7303,0.6116,0.8864,28.7671,14.7983,0.1229
Hassani Dotson,MIN,2020,471,31,0.8065,0.7871,0.6007,1.9378,20.8336,8.306,0.0459
Danny Wilson,COL,2020,66,16,0.5,0.4633,0.5877,3.673,45.4545,37.3822,0.1009
Matías Vera,HOU,2020,500,46,0.8696,0.8571,0.5727,1.2449,23.8656,7.14,0.0903
Valeri Qazaishvili,SJE,2020,581,21,0.9048,0.878,0.562,2.6763,14.7176,2.1467,0.0239
Janio Bikel,VAN,2020,100,11,0.9091,0.8588,0.5527,5.0242,15.946,4.5791,0.1492
Alan Pulido,SKC,2020,686,8,1,0.9341,0.5269,6.5861,20.8127,0.2012,0.0199
Johan Kappelhof,CHI,2020,198,38,0.7895,0.7762,0.5047,1.3281,22.4313,7.4811,0.145
Joshua Atencio,SEA,2020,15,5,1,0.8991,0.5045,10.0904,25.9875,1.978,0.0122
Sam Junqua,HOU,2020,15,4,0.75,0.6253,0.4989,12.4723,19.8164,14.4613,0.0189
Justin Meram,RSL,2020,297,10,0.9,0.8515,0.4854,4.854,13.5126,2.898,0.0189
Kyle Beckerman,RSL,2020,165,10,1,0.9524,0.4759,4.7591,15.6823,-4.6115,0.0262
Justen Glad,RSL,2020,448,112,0.8304,0.8261,0.4727,0.4221,25.9586,8.1496,0.1539
Nicolás Acevedo,NYC,2020,12,4,1,0.8848,0.4608,11.5204,24.552,9.085,0.0216
Andy Rose,VAN,2020,100,17,0.8824,0.8575,0.4223,2.4843,22.714,10.2485,0.1657
Frédéric Brillant,DCU,2020,510,134,0.8358,0.8327,0.4159,0.3104,22.8346,9.1785,0.1703
Adam Jahn,ATL,2020,239,2,1,0.7941,0.4119,20.595,15.1013,4.7725,0.0057
Romell Quioto,MTL,2020,503,6,1,0.9354,0.3875,6.459,17.824,1.3225,0.0101
Jon Gallagher,ATL,2020,50,9,0.7778,0.7358,0.3776,4.1956,23.4612,8.7017,0.0602
Rudy Camacho,MTL,2020,100,33,0.9091,0.8978,0.3735,1.1317,19.7743,5.0844,0.1533
Brad Knighton,NER,2020,97,33,0.6667,0.6555,0.3692,1.1189,47.6136,39.4868,0.2381
Lucas Cavallini,VAN,2020,198,2,1,0.8192,0.3617,18.0841,14.138,5.865,0.0082
Jared Stroud,NYRB,2020,85,3,0.6667,0.547,0.3591,11.969,12.7425,6.9767,0.0103
Roberto Puncec,SKC,2020,709,146,0.863,0.8606,0.3589,0.2458,20.7491,7.0764,0.1529
David Accam,NSH,2020,128,2,1,0.83,0.3399,16.9966,6.1829,2.1275,0.0212
Diego Fagundez,NER,2020,332,15,0.8,0.7774,0.3395,2.2636,16.9623,5.1673,0.0313
Ryan Raposo,VAN,2020,166,2,1,0.8328,0.3345,16.7235,17.4452,1.61,0.0099
Matías Pellegrini,MIA,2020,327,5,0.6,0.5397,0.3017,6.0343,16.0038,8.257,0.0236
Victor Wanyama,MTL,2020,401,56,0.8571,0.8518,0.3012,0.5378,22.5235,5.0004,0.1011
Fredy Montero,VAN,2020,36,1,1,0.6996,0.3004,30.0351,5.1972,-5.175,0.0041
Aaron Schoenfeld,MIN,2020,207,2,1,0.8576,0.2847,14.2356,13.0814,5.175,0.0023
Luka Stojanovic,CHI,2020,72,5,1,0.9434,0.283,5.6605,12.1684,-1.104,0.0363
Eric Remedi,ATL,2020,380,39,0.8718,0.8646,0.2812,0.7211,20.317,4.1931,0.0437
Henry Kessler,NER,2020,379,62,0.7419,0.7374,0.2793,0.4505,25.8449,10.7395,0.1312
Tsubasa Endoh,TOR,2020,294,5,1,0.9465,0.2673,5.3468,10.7076,0.736,0.0178
Alberth Elis,HOU,2020,184,3,1,0.9118,0.2647,8.825,13.4622,1.2267,0.0275
Brooks Lennon,ATL,2020,515,43,0.814,0.8079,0.2624,0.6103,17.7645,3.6372,0.0637
Abu Danladi,NSH,2020,39,1,1,0.7387,0.2613,26.1259,16.3102,16.215,0.0042
Fatai Alashe,CIN,2020,88,4,1,0.9358,0.2569,6.4216,21.3155,-2.1562,0.0105
Kekuta Manneh,CIN,2020,82,1,1,0.7469,0.2531,25.3105,6.0232,5.29,0.0036
Judson,SJE,2020,387,72,0.875,0.8716,0.246,0.3417,23.0407,4.9099,0.0982
Adam Buksa,NER,2020,554,2,0.5,0.3777,0.2445,12.2266,52.483,40.71,0.012
Jozy Altidore,TOR,2020,231,1,1,0.758,0.242,24.2027,11.3357,3.91,0.0056
Robbie Robinson,MIA,2020,150,1,1,0.7648,0.2352,23.518,13.6966,12.535,0.0064
Bradley Wright-Phillips,LAFC,2020,337,4,1,0.9446,0.2214,5.5351,22.8102,-6.1238,0.0084
Darwin Cerén,HOU,2020,45,3,1,0.9265,0.2205,7.3505,16.6287,0.4217,0.0128
Micheal Azira,CHI,2020,17,1,1,0.7906,0.2094,20.9357,14.1704,11.96,0.0056
Julian Araujo,LAG,2020,152,1,1,0.8017,0.1983,19.8292,10.642,5.865,0.0147
Ezequiel Barco,ATL,2020,414,10,0.9,0.8803,0.197,1.9703,19.8454,1.196,0.0124
Wilfried Zahibo,NER,2020,285,28,0.8214,0.8147,0.1897,0.6773,21.1408,7.9021,0.0592
Will Bruin,SEA,2020,23,1,1,0.8302,0.1698,16.9762,8.7261,6.555,0.0037
Alan Winn,NSH,2020,32,1,1,0.8334,0.1666,16.6591,9.5801,9.085,0.0081
Dave Romney,NSH,2020,195,24,0.75,0.7434,0.1592,0.6632,27.1127,17.9879,0.1314
Edgar Castillo,ATL,2020,59,2,1,0.9208,0.1583,7.915,17.9802,7.4175,0.0545
Robinho,ORL,2020,30,3,1,0.9516,0.1453,4.8417,8.0417,-0.8817,0.0167
Josh Sims,NYRB,2020,58,1,1,0.8626,0.1374,13.7389,3.578,2.415,0.0098
DeJuan Jones,NER,2020,310,39,0.6667,0.6632,0.1361,0.349,20.8187,11.8067,0.076
Sebastien Ibeagha,NYC,2020,54,14,0.7143,0.7065,0.1094,0.7814,22.8937,13.1839,0.0747
Shandon Hopeau,SEA,2020,134,2,1,0.9512,0.0975,4.8769,19.1021,-5.52,0.0081
Zdenek Ondrasek,FCD,2020,200,4,0.5,0.4757,0.0972,2.4303,35.0198,25.1562,0.0186
Diego Rubio,COL,2020,236,7,0.8571,0.8436,0.0951,1.3584,18.7337,5.2571,0.0155
Allan Cruz,CIN,2020,267,3,1,0.9689,0.0932,3.108,13.4657,-3.4117,0.0079
Héber,NYC,2020,433,10,0.8,0.7916,0.0838,0.8379,14.1065,4.7495,0.0106
Edison Flores,DCU,2020,317,11,0.7273,0.7201,0.079,0.7178,15.2527,8.1023,0.0238
Laurent Ciman,TOR,2020,88,19,0.8421,0.838,0.0784,0.4125,27.6806,7.7655,0.0426
Amar Sejdic,MTL,2020,18,1,1,0.9297,0.0703,7.0303,13.2834,7.015,0.0078
Ethan Dobbelaere,SEA,2020,7,1,1,0.9364,0.0636,6.3573,9.3422,-2.645,0.0074
Brandon Vázquez,CIN,2020,175,2,1,0.9693,0.0613,3.067,27.4938,-5.98,0.0031
Jonathan Lewis,COL,2020,113,8,0.875,0.8676,0.0592,0.7396,16.9528,-4.9306,0.0119
Andrew Gutman,CIN,2020,392,55,0.8545,0.8535,0.0579,0.1053,20.1564,4.9575,0.059
Brandon Bye,NER,2020,593,54,0.5926,0.5915,0.0576,0.1067,19.8897,13.9895,0.0946
Ilie Sánchez,SKC,2020,670,79,0.7848,0.7841,0.0546,0.0691,22.7115,11.6747,0.0914
Dom Dwyer,ORL,2020,130,1,1,0.9455,0.0545,5.4479,13.5843,-5.175,0.0071
Raheem Edwards,MIN,2020,90,2,1,0.9735,0.053,2.6513,19.5157,-9.43,0.0077
Gedion Zelalem,NYC,2020,22,1,1,0.9493,0.0507,5.0655,45.3986,7.82,0.0117
Andrew Wooten,PHI,2020,34,1,1,0.9551,0.0449,4.4876,11.9398,-5.865,0.0023
Ignacio Aliseda,CHI,2020,70,1,1,0.9576,0.0424,4.2402,3.5443,-3.335,0.0032
Hany Mukhtar,NSH,2020,195,2,1,0.9797,0.0406,2.0311,8.4039,-7.1875,0.0127
Ronaldo Peña,HOU,2020,46,1,1,0.9728,0.0272,2.7209,7.891,-6.44,0.0049
Chris Wondolowski,SJE,2020,195,1,1,0.9734,0.0266,2.6625,13.4957,-12.42,0.0014
Justin Rennicks,NER,2020,44,1,1,0.9734,0.0266,2.6553,5.9791,-3.565,0.0075
Gudmundur Thórarinsson,NYC,2020,54,2,1,0.989,0.022,1.1009,23.77,-19.55,0.0051
Zachary Brault-Guillard,MTL,2020,487,46,0.7174,0.7169,0.0213,0.0462,22.4759,9.71,0.059
Paxton Pomykal,FCD,2020,58,1,1,0.9806,0.0194,1.9422,30.8421,-1.61,0.007
Jay Chapman,MIA,2020,56,2,1,0.9924,0.0153,0.7639,19.239,-16.2725,0.0075
Andy Najar,LAFC,2020,30,1,1,0.9926,0.0074,0.7361,32.0597,-1.955,0.007
Harrison Afful,CLB,2020,496,66,0.7727,0.7726,0.0067,0.0102,17.2905,6.5254,0.0968
Nouhou Tolo,SEA,2020,412,43,0.814,0.8139,0.0027,0.0062,18.7796,5.5066,0.0514
Chicharito,LAG,2020,294,0,0,0,0,0,0,0,0.0093
Josef Martínez,ATL,2020,70,0,0,0,0,0,0,0,0.0049
Fanendo Adi,CLB,2020,84,0,0,0,0,0,0,0,0.0013
Erik Hurtado,SKC,2020,23,0,0,0,0,0,0,0,0
Jimmy Medranda,NSH,2020,14,0,0,0,0,0,0,0,0
Patrick Mullins,TOR,2020,37,0,0,0,0,0,0,0,0.0039
Nick Hagglund,CIN,2020,11,0,0,0,0,0,0,0,0.003
Adama Diomande,LAFC,2020,16,0,0,0,0,0,0,0,0
Jerome Kiesewetter,MIA,2020,32,0,0,0,0,0,0,0,0
Dairon Asprilla,POR,2020,26,0,0,0,0,0,0,0,0.0088
Mauro Manotas,HOU,2020,454,0,0,0,0,0,0,0,0.01
Michael Salazar,HOU,2020,16,0,0,0,0,0,0,0,0.0048
Sam Johnson,RSL,2020,76,0,0,0,0,0,0,0,0.0015
Ballou Tabla,MTL,2020,23,0,0,0,0,0,0,0,0
James Musa,MIN,2020,2,0,0,0,0,0,0,0,0.0099
Braian Galván,COL,2020,6,0,0,0,0,0,0,0,0
Julián Carranza,MIA,2020,162,0,0,0,0,0,0,0,0
Luis Argudo,MIA,2020,23,0,0,0,0,0,0,0,0
Santiago Mosquera,FCD,2020,37,0,0,0,0,0,0,0,0.0065
Mason Toye,MIN,2020,63,0,0,0,0,0,0,0,0
Ben Mines,NYRB,2020,35,0,0,0,0,0,0,0,0.0278
Ayo Akinola,TOR,2020,293,0,0,0,0,0,0,0,0.0092
J.J. Williams,ATL,2020,17,0,0,0,0,0,0,0,0
Gordon Wild,LAG,2020,40,0,0,0,0,0,0,0,0.0066
Ethan Zubak,LAG,2020,119,0,0,0,0,0,0,0,0.0031
Santiago Patiño,ORL,2020,27,0,0,0,0,0,0,0,0.0033
Griffin Yow,DCU,2020,14,0,0,0,0,0,0,0,0
Erik Sorga,DCU,2020,142,0,0,0,0,0,0,0,0.0048
Ricardo Pepi,FCD,2020,27,0,0,0,0,0,0,0,0
Justin Dhillon,SEA,2020,13,0,0,0,0,0,0,0,0
Joey Dezart,ORL,2020,15,0,0,0,0,0,0,0,0.0046
Daniel Ríos,NSH,2020,35,0,0,0,0,0,0,0,0
Patrick Metcalfe,VAN,2020,11,0,0,0,0,0,0,0,0
Jack De Vries,PHI,2020,14,0,0,0,0,0,0,0,0
Jack Skahan,SJE,2020,28,0,0,0,0,0,0,0,0.0049
Noble Okello,TOR,2020,29,0,0,0,0,0,0,0,0.0237
Cameron Duke,SKC,2020,13,0,0,0,0,0,0,0,0
Alvin Jones,RSL,2020,52,0,0,0,0,0,0,0,0.0153
Danny Musovski,LAFC,2020,53,0,0,0,0,0,0,0,0.002
Nico Lemoine,HOU,2020,65,0,0,0,0,0,0,0,0.0035
Carlos Harvey,LAG,2020,6,0,0,0,0,0,0,0,0.0075
Blake Bodily,POR,2020,3,0,0,0,0,0,0,0,0
Douglas Martínez,RSL,2020,350,5,0.8,0.8016,-0.0078,-0.1566,11.1452,4.14,0.0116
Gary Mackay-Steven,NYC,2020,154,8,0.625,0.6269,-0.0151,-0.1888,23.6984,18.8025,0.0138
Federico Higuaín,DCU,2020,73,5,0.8,0.8039,-0.0194,-0.3871,14.9005,4.324,0.0102
Paul Marie,SJE,2020,87,9,0.7778,0.7807,-0.026,-0.2894,24.5008,17.0456,0.033
Fafa Picault,FCD,2020,131,5,0.6,0.606,-0.03,-0.5992,21.1826,14.26,0.0233
Jack Elliott,PHI,2020,421,79,0.7342,0.7347,-0.0402,-0.0508,30.1051,17.282,0.0942
Tate Schmitt,RSL,2020,70,3,0.6667,0.6809,-0.0428,-1.4265,15.5476,8.3567,0.0177
Kellyn Acosta,COL,2020,472,27,0.8889,0.8906,-0.0449,-0.1664,17.4793,5.2006,0.0438
Mohamed El-Munir,LAFC,2020,142,14,0.7143,0.7188,-0.0638,-0.456,19.1822,15.6646,0.0269
Aidan Morris,CLB,2020,52,6,0.6667,0.6873,-0.1236,-2.0605,24.8249,14.7775,0.0137
Anthony Jackson-Hamel,MTL,2020,124,1,0,0.146,-0.146,-14.6012,34.9596,34.73,0.0013
Felipe,DCU,2020,510,51,0.8627,0.8656,-0.1461,-0.2865,19.5551,5.4501,0.0727
Dániel Sallói,SKC,2020,102,1,0,0.1498,-0.1498,-14.9816,44.3648,43.01,0.0029
Marvin Loría,POR,2020,185,7,0.7143,0.7358,-0.1505,-2.1495,14.1547,5.7336,0.0129
Ifunanyachi Achara,TOR,2020,99,3,0.6667,0.7218,-0.1655,-5.5178,23.6639,19.435,0.051
Matt Hedges,FCD,2020,200,45,0.8,0.8039,-0.174,-0.3867,25.3738,9.5118,0.1581
Keaton Parks,NYC,2020,287,13,0.8462,0.8603,-0.1844,-1.4182,21.5484,7.4838,0.0149
Christian Ramirez,HOU,2020,47,2,0.5,0.5944,-0.1888,-9.441,17.0209,4.8875,0.0104
Fernando Meza,ATL,2020,444,135,0.8889,0.8903,-0.1902,-0.1409,21.6234,6.8123,0.1597
Marc Rzatkowski,NYRB,2020,137,3,0.6667,0.7311,-0.1933,-6.4433,33.0564,16.4833,0.01
Cade Cowell,SJE,2020,82,2,0.5,0.6029,-0.2058,-10.2901,28.6728,11.5,0.0081
Eriq Zavaleta,TOR,2020,34,10,0.8,0.8208,-0.2081,-2.0814,18.4566,-1.909,0.0583
Thomás Chacón,MIN,2020,49,1,0,0.2087,-0.2087,-20.8704,48.0723,47.84,0.0099
Daryl Dike,ORL,2020,48,1,0,0.2132,-0.2132,-21.3206,2.6882,2.645,0.0068
Bressan,FCD,2020,32,3,0.3333,0.407,-0.2211,-7.371,39.3848,33.0817,0.0218
Wyatt Omsberg,CHI,2020,26,1,0,0.228,-0.228,-22.8013,38.9363,36.8,0.0236
Dominique Badji,NSH,2020,152,1,0,0.2372,-0.2372,-23.7188,41.9708,41.055,0.0085
Niko Hansen,HOU,2020,102,2,0.5,0.6188,-0.2375,-11.8766,38.5521,25.8175,0.0236
Sam Nicholson,COL,2020,178,8,0.75,0.7803,-0.2424,-3.0303,17.0344,4.0394,0.0213
Anthony Fontana,PHI,2020,103,1,0,0.2529,-0.2529,-25.2898,13.9063,13.57,0.0054
Robert Beric,CHI,2020,494,6,0.6667,0.7092,-0.2554,-4.257,5.6046,0.7858,0.0204
Chris Mueller,ORL,2020,508,17,0.8235,0.8391,-0.265,-1.5587,13.8505,3.2132,0.0176
Theo Bair,VAN,2020,234,2,0.5,0.6333,-0.2666,-13.3307,10.4599,2.5875,0.0104
Youness Mokhtar,CLB,2020,266,9,0.7778,0.8079,-0.2708,-3.0083,12.3541,3.8717,0.0132
Aaron Herrera,RSL,2020,590,73,0.7534,0.7572,-0.2773,-0.3799,21.9461,9.2315,0.092
Erickson Gallardo,TOR,2020,127,2,0.5,0.6418,-0.2837,-14.1831,31.257,20.585,0.0082
Alex Bono,TOR,2020,100,38,0.7632,0.7707,-0.2856,-0.7517,28.4984,23.6658,0.2227
Pedro Santos,CLB,2020,415,8,0.625,0.6622,-0.2977,-3.7207,23.4227,18.3856,0.0198
Tanner Tessmann,FCD,2020,163,24,0.7917,0.8044,-0.3047,-1.2695,21.4337,5.4577,0.0884
Derek Cornelius,VAN,2020,327,93,0.7957,0.799,-0.3102,-0.3335,27.2046,10.0508,0.1348
Sebastian Lletget,LAG,2020,420,17,0.7647,0.7834,-0.3175,-1.8675,24.7353,8.6724,0.0283
Shamit Shome,MTL,2020,84,7,0.8571,0.9044,-0.3305,-4.7218,21.945,1.5279,0.0136
Tom Barlow,NYRB,2020,187,3,0.6667,0.7782,-0.3345,-11.1506,10.5978,-0.4983,0.0086
Tommy McNamara,HOU,2020,206,5,0.6,0.6674,-0.3369,-6.7383,29.2004,16.353,0.0203
Handwalla Bwana,SEA,2020,183,8,0.625,0.6673,-0.3384,-4.2298,13.3477,8.6825,0.0258
João Paulo,SEA,2020,202,35,0.8571,0.8669,-0.3424,-0.9784,18.4632,5.6613,0.0894
Tesho Akindele,ORL,2020,489,8,0.875,0.9192,-0.3535,-4.4191,18.9662,2.7744,0.0091
Danny Leyva,SEA,2020,69,9,0.7778,0.8171,-0.3536,-3.9286,17.9788,1.7122,0.025
Pity Martínez,ATL,2020,448,6,0.8333,0.8928,-0.3568,-5.947,24.9458,1.61,0.0114
Giancarlo González,LAG,2020,392,70,0.7714,0.7765,-0.358,-0.5115,23.0794,10.2892,0.1545
Richie Laryea,TOR,2020,408,48,0.75,0.7576,-0.3644,-0.7591,20.4018,7.6427,0.0655
Nick DeLeon,TOR,2020,163,6,0.8333,0.8946,-0.3675,-6.1245,11.0271,3.8142,0.0118
Jukka Raitala,MTL,2020,252,54,0.7407,0.7479,-0.3856,-0.7141,20.9684,12.7054,0.1013
Jake Nerwinski,VAN,2020,510,61,0.7705,0.7769,-0.3923,-0.6431,17.5108,8.1216,0.0984
Gianluca Busio,SKC,2020,203,10,0.9,0.9393,-0.393,-3.9296,15.5439,1.242,0.0094
Saphir Taïder,MTL,2020,601,55,0.8727,0.8799,-0.3963,-0.7205,20.1776,2.3774,0.0758
Lewis Morgan,MIA,2020,475,13,0.6154,0.646,-0.3976,-3.0587,29.958,23.5219,0.0281
Orji Okwonkwo,MTL,2020,185,4,0.75,0.8497,-0.3989,-9.9726,15.4508,7.7338,0.0078
Nicolás Figal,MIA,2020,517,82,0.6951,0.7,-0.4019,-0.4901,29.5965,13.821,0.1438
Alexander Ring,NYC,2020,711,148,0.8784,0.8811,-0.4087,-0.2761,22.2173,5.5161,0.1252
Nicolás Lodeiro,SEA,2020,409,28,0.7857,0.8003,-0.4092,-1.4615,20.2411,6.6864,0.0476
Ola Kamara,DCU,2020,191,2,0.5,0.7095,-0.419,-20.9512,13.454,2.99,0.0058
Ismael Tajouri-Shradi,NYC,2020,273,5,0.8,0.8844,-0.4218,-8.4359,18.8275,4.09E-16,0.0099
Liam Fraser,TOR,2020,53,2,0.5,0.7246,-0.4491,-22.455,28.9236,16.905,0.0114
Maikel Chang,RSL,2020,47,1,0,0.4669,-0.4669,-46.6916,11.04,11.04,0.0023
Joe Willis,NSH,2020,195,31,0.7097,0.7249,-0.4728,-1.5252,36.4965,28.3382,0.1483
Jacori Hayes,MIN,2020,102,6,0.8333,0.9127,-0.4761,-7.9357,13.8704,2.3575,0.0361
José Cifuentes,LAFC,2020,101,3,0.6667,0.8255,-0.4764,-15.8791,27.4885,20.5467,0.0085
Jonathan dos Santos,LAG,2020,47,8,0.875,0.9351,-0.4809,-6.0108,20.7367,-3.5506,0.0495
Wil Trapp,MIA,2020,410,51,0.8627,0.8722,-0.4845,-0.9499,20.9386,6.1739,0.0843
Cameron Dunbar,LAG,2020,69,1,0,0.4897,-0.4897,-48.967,2.5751,2.53,0.0116
Auston Trusty,COL,2020,42,5,0.4,0.4989,-0.4947,-9.8932,29.5301,18.193,0.0321
Magnus Eriksson,SJE,2020,678,35,0.7714,0.7856,-0.4968,-1.4194,23.9531,10.7114,0.0386
Kei Kamara,COL,2020,425,5,0.8,0.8999,-0.4997,-9.9944,9.9348,-4.945,0.01
Jordan Harvey,LAFC,2020,134,23,0.6957,0.7175,-0.5024,-2.1842,25.6851,8.8,0.0434
Jeizon Ramírez,RSL,2020,27,1,0,0.5037,-0.5037,-50.3729,24.661,23.92,0.0045
Pablo Ruiz,RSL,2020,228,22,0.7727,0.7957,-0.505,-2.2956,29.6201,17.2761,0.049
Yimmi Chará,POR,2020,418,38,0.8421,0.8556,-0.5126,-1.3491,18.9876,7.6384,0.0361
Kenneth Vermeer,LAFC,2020,502,128,0.8125,0.8165,-0.5143,-0.4018,31.8525,24.4474,0.1647
Maximiliano Urruti,MTL,2020,408,4,0.75,0.8817,-0.5269,-13.1735,12.2927,0.6613,0.0135
Zac MacMath,RSL,2020,590,240,0.6333,0.6355,-0.5302,-0.2209,42.8796,36.5681,0.2194
Harry Shipp,SEA,2020,54,3,0.6667,0.8457,-0.5372,-17.9054,9.6148,2.4917,0.0083
Yamil Asad,DCU,2020,319,11,0.8182,0.867,-0.5374,-4.8856,15.8949,4.2759,0.0258
Russell Teibert,VAN,2020,610,59,0.8136,0.8232,-0.568,-0.9626,18.9422,4.8904,0.0711
Cristián Gutiérrez,VAN,2020,163,35,0.6857,0.702,-0.5694,-1.6268,20.6837,13.041,0.0781
Gastón Giménez,CHI,2020,339,31,0.8387,0.8572,-0.5734,-1.8498,17.6246,4.9561,0.0584
Lee Nguyen,MIA,2020,115,3,0.6667,0.8598,-0.5795,-19.3159,8.9985,5.1367,0.0123
Maximiliano Moralez,NYC,2020,386,21,0.8571,0.8849,-0.5822,-2.7725,14.7686,0.1588,0.0227
Jaroslaw Niezgoda,POR,2020,183,2,0.5,0.7938,-0.5875,-29.376,22.3241,15.4675,0.0032
Andrés Reyes,MIA,2020,270,43,0.7674,0.7812,-0.5932,-1.3796,24.3635,9.192,0.1423
Griffin Dorsey,TOR,2020,12,1,0,0.5963,-0.5963,-59.6271,12.8502,6.44,0.009
Cristian Penilla,NER,2020,496,10,0.7,0.7624,-0.6237,-6.2366,12.2834,2.2655,0.0269
Sean Davis,NYRB,2020,504,34,0.7353,0.7536,-0.6237,-1.8345,18.4473,11.5643,0.0789
Jeremy Ebobisse,POR,2020,395,3,0.6667,0.8747,-0.6242,-20.8069,14.5171,-2.9133,0.0042
Laurence Wyke,ATL,2020,94,15,0.7333,0.7758,-0.6373,-4.2484,19.6642,7.245,0.0522
Felipe Mora,POR,2020,224,1,0,0.6443,-0.6443,-64.4304,33.0126,27.025,0.0104
Francisco Ginella,LAFC,2020,290,19,0.8421,0.8763,-0.6491,-3.4166,16.0339,7.6021,0.0251
Andrés Perea,ORL,2020,199,12,0.6667,0.7216,-0.6597,-5.4971,27.0788,14.3271,0.019
George Bello,ATL,2020,149,22,0.8182,0.8484,-0.6641,-3.0186,20.6814,0.7266,0.0519
George Campbell,ATL,2020,58,8,0.75,0.834,-0.6723,-8.4034,21.1021,8.4669,0.0761
Randall Leal,NSH,2020,185,2,0.5,0.8364,-0.6729,-33.6432,17.2828,11.845,0.0297
Ranko Veselinovic,VAN,2020,412,84,0.7738,0.7819,-0.6799,-0.8094,25.9339,10.8743,0.1642
Jayden Nelson,TOR,2020,61,1,0,0.6858,-0.6858,-68.5804,2.4203,2.415,0.0052
Gerso,SKC,2020,251,4,0.5,0.675,-0.6998,-17.4951,11.8683,3.105,0.012
Sebastián Blanco,POR,2020,687,52,0.7115,0.7251,-0.7042,-1.3542,25.0824,12.7141,0.0473
Román Torres,MIA,2020,367,71,0.7042,0.7142,-0.7086,-0.998,26.5692,15.4958,0.1408
Omir Fernandez,NYRB,2020,158,1,0,0.7171,-0.7171,-71.7071,24.063,21.85,0.0026
Tosaint Ricketts,VAN,2020,107,2,0.5,0.8613,-0.7227,-36.1335,8.5305,5.52,0.0144
Rodolfo Pizarro,MIA,2020,456,12,0.5833,0.6452,-0.7423,-6.1855,14.726,7.6187,0.0247
José Andrés Martínez,PHI,2020,451,52,0.7308,0.7454,-0.7633,-1.4679,21.2821,11.9091,0.1081
Felipe Hernandez,SKC,2020,70,4,0.75,0.9412,-0.7649,-19.1217,20.5155,4.9737,0.0143
Emanuel Maciel,MTL,2020,75,10,0.8,0.8781,-0.7812,-7.8122,22.2365,7.0035,0.0805
Ruan,ORL,2020,616,85,0.7529,0.7621,-0.7821,-0.9202,18.7061,6.7958,0.0941
Sacha Kljestan,LAG,2020,271,18,0.8333,0.8768,-0.7824,-4.3469,12.0452,4.5872,0.055
Danny Hoesen,SJE,2020,199,5,0.6,0.7591,-0.7954,-15.9084,20.6405,13.892,0.0101
Luis Díaz,CLB,2020,355,5,0,0.1624,-0.8122,-16.2442,24.0361,22.126,0.0137
Jason Pendant,NYRB,2020,300,30,0.6333,0.6608,-0.8251,-2.7504,19.9892,12.7228,0.1
Damir Kreilach,RSL,2020,552,15,0.8,0.8564,-0.8463,-5.642,17.2052,4.7073,0.0181
Eddie Segura,LAFC,2020,699,203,0.7931,0.7973,-0.8508,-0.4191,24.359,12.5191,0.2153
Bryce Duke,LAFC,2020,61,3,0.6667,0.9536,-0.8609,-28.6976,11.4088,-4.715,0.0063
Khiry Shelton,SKC,2020,574,18,0.7778,0.8265,-0.8777,-4.8763,18.9454,-2.6642,0.0367
Brian White,NYRB,2020,213,2,0.5,0.9422,-0.8844,-44.2185,7.8925,-2.415,0.0074
Greg Garza,CIN,2020,217,26,0.7308,0.7649,-0.8866,-3.4099,21.1494,6.9487,0.0499
Saad Abdul-Salaam,CIN,2020,123,13,0.6923,0.761,-0.8927,-6.8668,21.6435,5.8738,0.0306
Robin Lod,MIN,2020,606,21,0.7619,0.8049,-0.9019,-4.295,10.7957,4.7698,0.0338
Carlos Vela,LAFC,2020,205,1,0,0.9357,-0.9357,-93.5686,15.4161,6.095,0.0091
Rod Fanni,MTL,2020,527,102,0.8431,0.8524,-0.9404,-0.922,21.5309,8.5168,0.1163
Chris Odoi-Atsem,DCU,2020,153,15,0.6,0.663,-0.9447,-6.2979,19.6621,11.8603,0.0326
Nicolás Mezquida,COL,2020,162,3,0.3333,0.6487,-0.946,-31.5336,12.3491,11.4617,0.0119
Brian Rodríguez,LAFC,2020,699,7,0.7143,0.8538,-0.9768,-13.955,20.0935,4.83,0.0125
Djordje Mihailovic,CHI,2020,228,13,0.6154,0.6906,-0.9783,-7.5253,20.4613,10.8277,0.0405
Mo Adams,ATL,2020,185,32,0.8438,0.8751,-1.0037,-3.1365,18.4291,2.8822,0.0778
Cristian Cásseres Jr,NYRB,2020,413,19,0.7368,0.7905,-1.019,-5.3633,15.8004,10.5497,0.0717
Benji Michel,ORL,2020,259,6,0.6667,0.8375,-1.0247,-17.0786,16.6229,4.7917,0.0174
David Milinkovic,VAN,2020,356,11,0.6364,0.7318,-1.0498,-9.5435,22.3151,9.7541,0.0234
Albert Rusnák,RSL,2020,406,15,0.8,0.8701,-1.0519,-7.0128,16.5756,4.393,0.0254
Yordy Reyna,VAN,2020,342,10,0.7,0.8066,-1.0657,-10.6568,17.4213,7.452,0.012
Sebastian Berhalter,CLB,2020,94,32,0.875,0.9087,-1.0794,-3.3733,22.9023,5.0061,0.0688
Luis Amarilla,MIN,2020,426,4,0.5,0.7709,-1.0836,-27.0894,12.3176,2.415,0.0098
Matheus Rossetto,ATL,2020,106,11,0.7273,0.8259,-1.0854,-9.8673,9.6654,-3.9414,0.023
Kevin Paredes,DCU,2020,94,7,0.7143,0.8733,-1.113,-15.8999,14.5303,3.45,0.0136
Christian Makoun,MIA,2020,19,2,0,0.5676,-1.1352,-56.7614,35.5284,29.6125,0.02
Bill Tuiloma,POR,2020,218,36,0.6667,0.6984,-1.1422,-3.1727,30.7573,19.2625,0.1159
Jackson Yueill,SJE,2020,706,79,0.8608,0.8756,-1.1747,-1.487,21.8125,5.7063,0.0674
Jesús Medina,NYC,2020,448,19,0.6316,0.6936,-1.1781,-6.2007,23.2641,14.0421,0.0182
Marlon Hairston,MIN,2020,62,5,0.6,0.8382,-1.1909,-23.8183,22.1861,9.913,0.0158
Jeremy Kelly,COL,2020,76,12,0.75,0.851,-1.2122,-10.1016,21.9182,0.6517,0.0759
Daniel Steres,LAG,2020,299,52,0.7885,0.8119,-1.2163,-2.3391,24.5894,10.6065,0.1843
Aljaz Struna,HOU,2020,490,91,0.8242,0.8375,-1.2165,-1.3368,23.8617,7.657,0.1376
Victor Ulloa,MIA,2020,454,30,0.6667,0.7079,-1.2383,-4.1276,19.4321,8.4372,0.0562
Kacper Przybylko,PHI,2020,675,10,0.8,0.9243,-1.2433,-12.4326,10.3886,-0.2185,0.0186
Jake Mulraney,ATL,2020,234,18,0.6111,0.681,-1.2574,-6.9853,21.6757,8.3119,0.0395
Kevin Molino,MIN,2020,277,6,0.6667,0.8792,-1.2749,-21.2485,12.8071,5.8267,0.0145
Josh Williams,CLB,2020,105,26,0.6538,0.7033,-1.2849,-4.942,29.6957,18.1435,0.1872
Tajon Buchanan,NER,2020,219,9,0.6667,0.8097,-1.287,-14.3005,13.4445,7.7433,0.0219
Anton Walkes,ATL,2020,244,52,0.7885,0.8132,-1.2875,-2.476,23.8971,3.753,0.0893
Cristian Roldan,SEA,2020,611,66,0.8485,0.868,-1.2884,-1.9521,23.9766,5.8389,0.0648
Alejandro Pozuelo,TOR,2020,562,14,0.7857,0.8778,-1.2895,-9.2109,16.8349,4.6904,0.0207
Alexandru Mitrita,NYC,2020,446,11,0.7273,0.8447,-1.2918,-11.7438,13.4904,0.1777,0.0131
Michael Barrios,FCD,2020,196,4,0.5,0.8281,-1.3125,-32.8132,15.4172,5.2037,0.014
Elliot Collier,CHI,2020,84,2,0,0.6686,-1.3372,-66.8585,25.6119,18.975,0.01
Raymon Gaddis,PHI,2020,709,70,0.6714,0.6911,-1.3748,-1.964,20.4506,11.8762,0.0911
Alexander Büttner,NER,2020,279,47,0.617,0.6467,-1.3962,-2.9707,21.7391,11.6639,0.1327
Artur,CLB,2020,523,56,0.8036,0.829,-1.4255,-2.5456,20.2911,9.7627,0.0781
Stefan Frei,SEA,2020,611,208,0.8269,0.8339,-1.4444,-0.6944,29.72,21.1738,0.1781
Cristhian Paredes,POR,2020,189,14,0.7143,0.8177,-1.448,-10.3425,25.0897,9.2082,0.0352
Lassi Lappalainen,MTL,2020,62,2,0,0.7453,-1.4907,-74.5335,16.1241,7.015,0.0098
Jordan Morris,SEA,2020,460,11,0.5455,0.6843,-1.5269,-13.8813,18.2259,8.3741,0.0134
Siem de Jong,CIN,2020,144,5,0.4,0.7055,-1.5273,-30.5466,17.351,5.382,0.0095
Corey Baird,RSL,2020,463,17,0.7059,0.7973,-1.5548,-9.146,21.2571,12.9071,0.0296
Nicolas Benezet,COL,2020,210,10,0.7,0.857,-1.5697,-15.6975,18.0227,2.645,0.0287
Nani,ORL,2020,505,39,0.8205,0.8609,-1.5744,-4.0369,18.6242,6.384,0.0514
Roger Espinoza,SKC,2020,628,24,0.8333,0.8995,-1.5871,-6.6128,17.4128,0.575,0.0367
Manuel Castro,ATL,2020,128,3,0,0.5376,-1.6127,-53.757,6.5332,4.025,0.0046
Sergio Santos,PHI,2020,411,8,0.625,0.827,-1.6157,-20.1968,11.6703,3.5075,0.017
Justin Portillo,RSL,2020,79,10,0.7,0.8625,-1.6249,-16.2489,17.3802,0.1265,0.0796
Jack Price,COL,2020,372,71,0.7746,0.7977,-1.637,-2.3056,21.0734,9.8252,0.0999
Alvas Powell,MIA,2020,117,11,0.5455,0.6949,-1.644,-14.9457,17.9553,11.3014,0.073
Miguel Ibarra,SEA,2020,226,11,0.7273,0.8799,-1.6793,-15.2665,18.5135,5.8859,0.0176
Derrick Etienne,CLB,2020,276,11,0.5455,0.6987,-1.6856,-15.3232,18.7829,13.6014,0.0272
Cristian Dájome,VAN,2020,494,10,0.7,0.8693,-1.6933,-16.9331,10.1935,1.7365,0.0237
Alejandro Bedoya,PHI,2020,680,40,0.8,0.8424,-1.6975,-4.2437,17.6528,8.1334,0.0482
Alex Roldan,SEA,2020,48,6,0.5,0.7881,-1.7285,-28.8084,17.6459,10.6375,0.0233
Florian Valot,NYRB,2020,376,16,0.75,0.8582,-1.7309,-10.818,15.7558,9.6097,0.0402
Bojan Krkić,MTL,2020,334,2,0,0.8663,-1.7327,-86.6337,36.1616,4.8875,0.0094
Jacob Shaffelburg,TOR,2020,131,9,0.5556,0.7494,-1.7446,-19.3849,14.9673,11.2317,0.0132
Andrés Ríos,SJE,2020,661,7,0.5714,0.8267,-1.787,-25.5291,11.4052,3.0721,0.014
Jesús Ferreira,FCD,2020,156,5,0.4,0.7582,-1.791,-35.8207,17.4916,10.028,0.0209
Latif Blessing,LAFC,2020,693,45,0.7778,0.8184,-1.8282,-4.0627,13.715,6.4579,0.0611
Yuya Kubo,CIN,2020,520,13,0.7692,0.9101,-1.8311,-14.0851,16.4497,-1.1146,0.0199
Aleksandar Katai,LAG,2020,118,6,0.3333,0.6396,-1.8377,-30.629,34.2229,26.6992,0.0435
Jesse González,FCD,2020,200,61,0.8197,0.8499,-1.8461,-3.0264,29.1217,20.536,0.1581
Sebastián Méndez,ORL,2020,528,60,0.85,0.881,-1.8604,-3.1006,17.5867,6.3078,0.066
Mauricio Pereyra,ORL,2020,557,39,0.7949,0.8429,-1.8716,-4.7989,19.8803,5.0187,0.0337
Jürgen Locadia,CIN,2020,158,2,0,0.9527,-1.9054,-95.2698,3.7978,-3.105,0.0052
Kendall Waston,CIN,2020,598,190,0.8316,0.8416,-1.9123,-1.0065,22.1395,7.383,0.1597
Julian Gressel,DCU,2020,416,25,0.72,0.7978,-1.9453,-7.7812,21.4462,8.7032,0.0325
Memo Rodríguez,HOU,2020,386,25,0.8,0.8799,-1.9979,-7.9917,19.1688,3.5742,0.0441
Oswaldo Alanís,SJE,2020,568,161,0.8385,0.8514,-2.0712,-1.2865,23.9014,5.4593,0.1654
David Jensen,NYRB,2020,504,113,0.4602,0.4787,-2.088,-1.8478,53.3565,48.9371,0.1923
Cristian Espinoza,SJE,2020,628,32,0.6875,0.7529,-2.0919,-6.5371,20.7054,10.0589,0.0386
Pablo Piatti,TOR,2020,279,12,0.75,0.9271,-2.125,-17.7083,9.1897,-1.8687,0.0259
Emiliano Insúa,LAG,2020,473,43,0.6512,0.7009,-2.1381,-4.9724,23.4971,14.5836,0.0873
Oriol Rosell,ORL,2020,447,71,0.8451,0.8754,-2.1532,-3.0327,19.7012,4.7328,0.0878
Júnior Urso,ORL,2020,382,17,0.7059,0.8327,-2.1565,-12.6854,16.4139,7.7794,0.0376
Eloy Room,CLB,2020,404,104,0.6923,0.7132,-2.1703,-2.0869,37.5982,30.6674,0.1486
Valentín Castellanos,NYC,2020,513,5,0.2,0.6422,-2.211,-44.2207,18.5738,15.249,0.0084
Daniel Lovitz,NSH,2020,195,14,0.4286,0.589,-2.2457,-16.041,25.3403,17.0529,0.1059
Samuel Piette,MTL,2020,576,36,0.6389,0.7017,-2.2626,-6.2851,22.7581,12.5861,0.0615
Diego Palacios,LAFC,2020,481,53,0.6792,0.7226,-2.2952,-4.3306,21.7841,11.155,0.0925
Przemyslaw Frankowski,CHI,2020,504,37,0.6486,0.7113,-2.3182,-6.2655,21.4046,9.803,0.057
Pablo Sisniega,LAFC,2020,197,47,0.766,0.8166,-2.3799,-5.0636,29.3468,21.0646,0.1466
Joseph Mora,DCU,2020,421,54,0.6296,0.6739,-2.388,-4.4222,19.5144,10.531,0.0833
Jamiro Monteiro,PHI,2020,679,45,0.8,0.8553,-2.4898,-5.5329,17.4128,4.7559,0.0459
Tristan Blackmon,LAFC,2020,663,79,0.7342,0.768,-2.6738,-3.3846,17.6487,9.5232,0.1096
Joe Gyau,CIN,2020,345,22,0.5909,0.7144,-2.7164,-12.3475,15.5903,7.8514,0.042
Adam Lundkvist,HOU,2020,485,51,0.6471,0.7008,-2.7399,-5.3724,22.1277,14.0345,0.1166
Diego Rossi,LAFC,2020,695,13,0.5385,0.7497,-2.7457,-21.1209,16.1936,10.9073,0.0172
Keegan Rosenberry,COL,2020,404,76,0.6842,0.7211,-2.8072,-3.6937,21.7574,9.4724,0.1204
C.J. Sapong,CHI,2020,217,7,0.2857,0.6872,-2.8102,-40.1458,11.8623,7.5079,0.0268
Steve Clark,POR,2020,690,249,0.7108,0.7223,-2.8533,-1.1459,39.3631,30.8569,0.196
Thiago Santos,FCD,2020,200,36,0.8056,0.885,-2.8592,-7.9423,25.1415,7.4367,0.1372
Boniek García,HOU,2020,446,30,0.7333,0.8287,-2.8601,-9.5336,17.3372,7.4597,0.0599
Walker Zimmerman,NSH,2020,195,35,0.6857,0.7675,-2.8626,-8.1788,22.699,7.4323,0.2034
Perry Kitchen,LAG,2020,448,30,0.7333,0.8289,-2.8671,-9.5571,20.7096,3.9598,0.0652
Hwang In-Beom,VAN,2020,585,73,0.8082,0.8481,-2.9133,-3.9908,21.5182,6.3628,0.0793
Caleb Stanko,CIN,2020,308,39,0.8462,0.9222,-2.9667,-7.6068,17.2649,-0.9937,0.0561
Dylan Nealis,MIA,2020,297,36,0.5278,0.6111,-3.0001,-8.3337,23.0215,14.2632,0.108
Fabian Herbers,CHI,2020,408,16,0.625,0.8135,-3.0155,-18.8468,17.134,8.3303,0.0312
Alejandro Romero Gamarra,NYRB,2020,344,18,0.5556,0.7255,-3.0591,-16.995,20.6984,14.0747,0.0359
Mathieu Deplagne,CIN,2020,511,148,0.723,0.7446,-3.2016,-2.1632,20.9992,11.2801,0.1493
Gyasi Zardes,CLB,2020,517,7,0.2857,0.7617,-3.3317,-47.5957,10.6587,2.9079,0.0172
Nick Besler,RSL,2020,188,19,0.6316,0.8073,-3.339,-17.5739,15.8242,7.1482,0.0351
Mark-Anthony Kaye,LAFC,2020,537,44,0.7273,0.8047,-3.408,-7.7454,19.9052,9.8874,0.0626
Júnior Moreno,DCU,2020,342,57,0.7895,0.8498,-3.4385,-6.0325,17.4876,6.0062,0.0854
Eryk Williamson,POR,2020,363,20,0.7,0.8739,-3.4779,-17.3893,16.2309,6.394,0.0382
Cristian Pavón,LAG,2020,495,11,0.5455,0.8677,-3.5449,-32.226,8.4518,2.7914,0.0185
Nick Lima,SJE,2020,568,63,0.7778,0.8354,-3.632,-5.7651,19.555,3.4299,0.066
Diego Valeri,POR,2020,520,21,0.619,0.7923,-3.6376,-17.3221,17.9989,7.371,0.0195
Ethan Finlay,MIN,2020,655,29,0.5517,0.6794,-3.7032,-12.7695,20.55,13.336,0.0323
Marco Delgado,TOR,2020,526,33,0.7273,0.8405,-3.7349,-11.318,17.5801,5.6455,0.0426
Russell Canouse,DCU,2020,510,48,0.7292,0.8086,-3.8108,-7.9391,16.6904,7.3456,0.0679
Haris Medunjanin,CIN,2020,578,115,0.8087,0.8424,-3.8724,-3.3673,21.7505,7.889,0.093
Daniel Royer,NYRB,2020,438,15,0.5333,0.7916,-3.8733,-25.8217,9.4081,2.6067,0.0273
Jorge Corrales,MTL,2020,501,75,0.68,0.7322,-3.9158,-5.2211,18.7513,8.3444,0.1112
Clément Diop,MTL,2020,601,178,0.7472,0.7693,-3.9425,-2.2149,34.0824,25.1055,0.1744
Matt Besler,SKC,2020,409,103,0.767,0.8056,-3.9728,-3.857,24.3105,13.4048,0.2117
Johnny Russell,SKC,2020,491,20,0.4,0.6057,-4.1146,-20.5732,21.335,16.905,0.0248
Donny Toia,RSL,2020,538,92,0.6304,0.6753,-4.1307,-4.4899,25.1087,16.1412,0.1126
Joe Corona,LAG,2020,282,25,0.68,0.8489,-4.2227,-16.8907,15.729,5.4832,0.0562
Kelyn Rowe,NER,2020,359,31,0.6129,0.7525,-4.3262,-13.9556,19.6367,10.3834,0.0616
Quentin Westberg,TOR,2020,504,198,0.7424,0.7646,-4.3983,-2.2214,33.6385,25.2018,0.2303
Brenden Aaronson,PHI,2020,626,16,0.5625,0.8438,-4.5007,-28.1294,12.0016,0.7259,0.035
Ali Adnan,VAN,2020,584,59,0.5932,0.6807,-5.1629,-8.7506,19.5265,11.3363,0.077
Sean Johnson,NYC,2020,711,229,0.7817,0.8043,-5.1824,-2.2631,31.4449,22.5686,0.1706
Anton Tinnerholm,NYC,2020,711,98,0.6429,0.6964,-5.2518,-5.359,18.0157,8.4631,0.0869
Thomas Hasal,VAN,2020,244,82,0.6098,0.6743,-5.296,-6.4585,41.7172,32.7049,0.1623
Adrien Regattin,CIN,2020,423,22,0.5909,0.8405,-5.49,-24.9545,19.1491,4.0145,0.0205
Zarek Valentin,HOU,2020,500,64,0.5781,0.6641,-5.5021,-8.597,26.245,15.0668,0.1029
Justin Morrow,TOR,2020,252,31,0.5161,0.7009,-5.7284,-18.4788,21.0933,8.0092,0.0967
Kelvin Leerdam,SEA,2020,534,77,0.5974,0.6784,-6.2384,-8.1019,22.6054,12.9696,0.0775
Przemyslaw Tyton,CIN,2020,411,126,0.619,0.6727,-6.7624,-5.367,43.6148,33.9843,0.1427
Frankie Amaya,CIN,2020,541,80,0.7625,0.85,-6.9985,-8.7481,21.37,5.1678,0.0795
Leonard Owusu,VAN,2020,338,30,0.5667,0.8071,-7.2119,-24.0398,24.3105,10.8637,0.0497
Romain Métanire,MIN,2020,574,79,0.5949,0.6925,-7.7088,-9.758,19.3684,13.078,0.1045
Auro,TOR,2020,589,99,0.6768,0.7631,-8.5474,-8.6337,19.4225,9.9585,0.1047